,Symbol
0,0001.HK
1,0010.HK
2,0101.HK
3,1024.HK
4,1030.HK
5,1034.HK
6,1038.HK
7,1044.HK
8,1045.HK
9,1051.HK
10,1052.HK
11,1055.HK
12,1057.HK
13,1061.HK
14,1065.HK
15,1066.HK
16,0107.HK
17,1070.HK
18,1071.HK
19,1072.HK
20,1083.HK
21,1088.HK
22,1090.HK
23,1093.HK
24,1098.HK
25,1099.HK
26,0011.HK
27,1108.HK
28,1109.HK
29,1112.HK
30,1113.HK
31,1119.HK
32,1121.HK
33,1128.HK
34,1133.HK
35,1137.HK
36,1138.HK
37,1141.HK
38,1153.HK
39,1157.HK
40,0116.HK
41,1167.HK
42,1171.HK
43,1177.HK
44,1179.HK
45,1183.HK
46,1186.HK
47,0119.HK
48,1193.HK
49,1196.HK
50,1198.HK
51,1199.HK
52,0012.HK
53,1208.HK
54,1209.HK
55,1211.HK
56,1212.HK
57,1228.HK
58,0123.HK
59,1233.HK
60,1234.HK
61,1238.HK
62,1252.HK
63,1257.HK
64,1258.HK
65,1263.HK
66,1268.HK
67,0127.HK
68,1288.HK
69,1299.HK
70,0013.HK
71,1302.HK
72,1308.HK
73,1310.HK
74,1313.HK
75,1316.HK
76,0133.HK
77,1330.HK
78,1336.HK
79,1337.HK
80,1339.HK
81,1345.HK
82,1347.HK
83,1349.HK
84,0135.HK
85,0136.HK
86,1361.HK
87,1368.HK
88,1372.HK
89,1373.HK
90,1378.HK
91,1381.HK
92,1382.HK
93,1385.HK
94,1387.HK
95,1398.HK
96,0014.HK
97,1415.HK
98,0142.HK
99,1427.HK
100,0144.HK
101,1448.HK
102,1456.HK
103,1458.HK
104,1463.HK
105,1475.HK
106,1477.HK
107,1478.HK
108,0148.HK
109,1501.HK
110,1502.HK
111,0151.HK
112,1513.HK
113,1515.HK
114,1516.HK
115,0152.HK
116,1521.HK
117,1523.HK
118,1528.HK
119,1530.HK
120,1533.HK
121,1548.HK
122,1558.HK
123,1561.HK
124,1563.HK
125,1571.HK
126,1576.HK
127,1579.HK
128,1585.HK
129,1589.HK
130,1593.HK
131,1596.HK
132,1599.HK
133,0016.HK
134,1600.HK
135,1610.HK
136,1611.HK
137,1618.HK
138,1622.HK
139,0165.HK
140,1651.HK
141,1658.HK
142,1666.HK
143,1672.HK
144,1675.HK
145,0168.HK
146,1681.HK
147,1686.HK
148,1691.HK
149,1696.HK
150,0017.HK
151,1708.HK
152,1709.HK
153,1717.HK
154,1725.HK
155,0173.HK
156,1735.HK
157,0175.HK
158,1755.HK
159,1760.HK
160,1763.HK
161,1766.HK
162,0177.HK
163,1772.HK
164,1776.HK
165,1780.HK
166,1785.HK
167,1787.HK
168,1789.HK
169,0179.HK
170,1797.HK
171,1798.HK
172,1799.HK
173,1800.HK
174,1801.HK
175,1809.HK
176,1810.HK
177,1811.HK
178,1812.HK
179,1813.HK
180,1816.HK
181,1817.HK
182,1818.HK
183,1821.HK
184,1823.HK
185,1830.HK
186,1833.HK
187,1836.HK
188,1839.HK
189,1846.HK
190,1848.HK
191,0185.HK
192,1855.HK
193,1856.HK
194,1858.HK
195,1860.HK
196,1866.HK
197,0187.HK
198,1873.HK
199,1876.HK
200,1877.HK
201,1882.HK
202,1883.HK
203,1888.HK
204,0189.HK
205,1890.HK
206,1896.HK
207,1898.HK
208,0019.HK
209,1902.HK
210,1907.HK
211,1908.HK
212,0191.HK
213,1910.HK
214,1911.HK
215,1913.HK
216,1918.HK
217,1919.HK
218,1921.HK
219,1928.HK
220,1929.HK
221,1931.HK
222,1935.HK
223,1945.HK
224,1948.HK
225,1951.HK
226,1952.HK
227,1958.HK
228,1963.HK
229,1967.HK
230,1969.HK
231,1970.HK
232,1971.HK
233,1972.HK
234,1979.HK
235,1988.HK
236,1992.HK
237,1995.HK
238,1996.HK
239,1997.HK
240,1999.HK
241,0002.HK
242,0020.HK
243,0200.HK
244,2001.HK
245,2002.HK
246,2005.HK
247,2006.HK
248,2007.HK
249,2012.HK
250,2013.HK
251,2015.HK
252,2016.HK
253,2018.HK
254,2019.HK
255,2020.HK
256,2030.HK
257,2039.HK
258,2057.HK
259,2060.HK
260,2068.HK
261,2096.HK
262,2099.HK
263,2101.HK
264,2117.HK
265,2120.HK
266,2125.HK
267,2126.HK
268,2128.HK
269,2130.HK
270,2131.HK
271,2137.HK
272,2138.HK
273,2142.HK
274,2148.HK
275,2150.HK
276,2155.HK
277,2156.HK
278,2158.HK
279,2160.HK
280,2162.HK
281,2163.HK
282,2165.HK
283,2168.HK
284,2169.HK
285,2170.HK
286,2171.HK
287,2175.HK
288,2185.HK
289,2186.HK
290,2187.HK
291,2190.HK
292,2192.HK
293,2196.HK
294,2197.HK
295,2198.HK
296,2199.HK
297,0220.HK
298,2202.HK
299,2205.HK
300,2207.HK
301,2208.HK
302,2215.HK
303,2216.HK
304,2217.HK
305,2218.HK
306,2219.HK
307,0222.HK
308,2225.HK
309,2232.HK
310,2235.HK
311,2238.HK
312,2252.HK
313,2255.HK
314,2256.HK
315,2257.HK
316,2269.HK
317,2273.HK
318,2276.HK
319,2279.HK
320,2282.HK
321,2283.HK
322,2285.HK
323,0023.HK
324,2313.HK
325,2314.HK
326,2318.HK
327,2319.HK
328,2328.HK
329,2331.HK
330,2333.HK
331,2337.HK
332,2338.HK
333,2343.HK
334,2355.HK
335,2356.HK
336,2357.HK
337,2359.HK
338,2368.HK
339,2378.HK
340,2380.HK
341,2382.HK
342,2386.HK
343,2388.HK
344,2400.HK
345,0241.HK
346,0242.HK
347,2448.HK
348,2488.HK
349,2500.HK
350,0251.HK
351,2552.HK
352,0257.HK
353,0258.HK
354,2588.HK
355,0259.HK
356,2600.HK
357,2601.HK
358,2607.HK
359,2611.HK
360,2616.HK
361,2618.HK
362,2628.HK
363,2638.HK
364,2666.HK
365,2669.HK
366,0267.HK
367,2678.HK
368,0268.HK
369,2688.HK
370,2689.HK
371,2698.HK
372,0027.HK
373,0270.HK
374,2708.HK
375,2727.HK
376,2738.HK
377,2768.HK
378,2772.HK
379,2777.HK
380,0028.HK
381,0285.HK
382,2869.HK
383,0288.HK
384,2883.HK
385,2888.HK
386,2899.HK
387,0291.HK
388,0293.HK
389,0003.HK
390,0302.HK
391,0303.HK
392,0315.HK
393,0316.HK
394,0317.HK
395,0322.HK
396,0323.HK
397,0327.HK
398,0329.HK
399,3301.HK
400,3306.HK
401,3309.HK
402,0331.HK
403,3311.HK
404,3315.HK
405,3316.HK
406,3318.HK
407,3319.HK
408,3320.HK
409,3323.HK
410,3328.HK
411,3331.HK
412,3339.HK
413,3347.HK
414,0336.HK
415,3360.HK
416,3380.HK
417,3383.HK
418,3393.HK
419,3396.HK
420,0034.HK
421,0341.HK
422,0345.HK
423,0347.HK
424,0035.HK
425,0354.HK
426,0357.HK
427,0358.HK
428,3600.HK
429,3606.HK
430,3613.HK
431,3618.HK
432,0363.HK
433,3633.HK
434,3662.HK
435,3669.HK
436,3680.HK
437,3681.HK
438,3690.HK
439,3692.HK
440,3709.HK
441,0371.HK
442,0373.HK
443,3738.HK
444,3759.HK
445,3799.HK
446,0038.HK
447,3800.HK
448,3808.HK
449,0382.HK
450,3836.HK
451,0384.HK
452,3848.HK
453,0386.HK
454,3868.HK
455,0388.HK
456,3888.HK
457,3898.HK
458,3899.HK
459,0390.HK
460,3900.HK
461,3908.HK
462,3913.HK
463,3918.HK
464,0392.HK
465,3933.HK
466,3948.HK
467,3958.HK
468,3968.HK
469,3969.HK
470,0398.HK
471,3983.HK
472,3988.HK
473,3990.HK
474,3993.HK
475,3998.HK
476,0004.HK
477,0400.HK
478,0408.HK
479,0041.HK
480,0425.HK
481,0440.HK
482,0045.HK
483,0468.HK
484,0486.HK
485,0488.HK
486,0489.HK
487,0005.HK
488,0050.HK
489,0506.HK
490,0511.HK
491,0512.HK
492,0517.HK
493,0520.HK
494,0522.HK
495,0546.HK
496,0548.HK
497,0551.HK
498,0552.HK
499,0553.HK
500,0558.HK
501,0564.HK
502,0568.HK
503,0057.HK
504,0570.HK
505,0576.HK
506,0579.HK
507,0580.HK
508,0581.HK
509,0586.HK
510,0590.HK
511,0596.HK
512,0598.HK
513,0006.HK
514,6030.HK
515,6033.HK
516,6049.HK
517,6055.HK
518,0606.HK
519,6060.HK
520,6066.HK
521,6069.HK
522,6078.HK
523,6098.HK
524,6099.HK
525,6100.HK
526,6110.HK
527,6118.HK
528,0612.HK
529,6122.HK
530,6123.HK
531,6127.HK
532,6160.HK
533,6169.HK
534,6178.HK
535,6185.HK
536,6186.HK
537,6198.HK
538,0626.HK
539,0631.HK
540,0636.HK
541,0639.HK
542,0656.HK
543,0658.HK
544,0659.HK
545,0066.HK
546,6600.HK
547,6601.HK
548,6606.HK
549,6608.HK
550,6616.HK
551,6618.HK
552,6622.HK
553,6626.HK
554,6633.HK
555,6666.HK
556,6668.HK
557,6669.HK
558,0667.HK
559,6677.HK
560,6680.HK
561,0669.HK
562,6690.HK
563,6699.HK
564,0670.HK
565,6808.HK
566,6818.HK
567,6819.HK
568,6821.HK
569,6823.HK
570,6826.HK
571,0683.HK
572,6830.HK
573,6837.HK
574,6855.HK
575,6858.HK
576,6862.HK
577,6865.HK
578,6869.HK
579,6878.HK
580,0688.HK
581,6881.HK
582,6885.HK
583,6886.HK
584,6889.HK
585,0069.HK
586,6908.HK
587,6919.HK
588,6933.HK
589,0694.HK
590,0695.HK
591,0696.HK
592,6968.HK
593,6969.HK
594,6978.HK
595,6988.HK
596,6989.HK
597,6993.HK
598,6996.HK
599,6998.HK
600,0700.HK
601,0708.HK
602,0710.HK
603,0719.HK
604,0728.HK
605,0732.HK
606,0737.HK
607,0743.HK
608,0746.HK
609,0751.HK
610,0753.HK
611,0754.HK
612,0762.HK
613,0763.HK
614,0772.HK
615,0776.HK
616,0777.HK
617,0780.HK
618,0799.HK
619,0008.HK
620,0806.HK
621,0081.HK
622,0811.HK
623,0813.HK
624,0817.HK
625,8170.HK
626,0819.HK
627,8223.HK
628,0826.HK
629,0083.HK
630,0830.HK
631,8328.HK
632,8349.HK
633,0836.HK
634,0837.HK
635,0839.HK
636,8402.HK
637,8472.HK
638,8527.HK
639,0853.HK
640,0855.HK
641,0856.HK
642,0857.HK
643,0086.HK
644,0861.HK
645,0863.HK
646,0867.HK
647,0868.HK
648,0087.HK
649,0873.HK
650,0874.HK
651,0875.HK
652,0880.HK
653,0881.HK
654,0883.HK
655,0884.HK
656,0895.HK
657,0900.HK
658,0902.HK
659,0906.HK
660,0909.HK
661,0914.HK
662,0916.HK
663,0921.HK
664,0934.HK
665,0939.HK
666,0941.HK
667,0950.HK
668,0956.HK
669,0960.HK
670,9616.HK
671,9618.HK
672,9626.HK
673,9633.HK
674,0966.HK
675,9666.HK
676,0968.HK
677,9688.HK
678,9698.HK
679,9699.HK
680,0973.HK
681,0975.HK
682,0098.HK
683,0981.HK
684,0985.HK
685,9858.HK
686,9868.HK
687,9869.HK
688,9888.HK
689,9901.HK
690,9906.HK
691,9909.HK
692,9911.HK
693,9913.HK
694,0992.HK
695,9922.HK
696,9923.HK
697,9926.HK
698,9928.HK
699,9936.HK
700,9939.HK
701,0995.HK
702,9956.HK
703,9959.HK
704,9960.HK
705,9961.HK
706,9966.HK
707,9969.HK
708,9979.HK
709,0998.HK
710,9983.HK
711,9987.HK
712,9988.HK
713,9989.HK
714,9990.HK
715,9991.HK
716,9992.HK
717,9993.HK
718,9995.HK
719,9996.HK
720,9997.HK
721,9999.HK
